insert into transporte.TB_LINHA(NOME, NUMERO) values
	('Azul', 1),
	('Verde', 2),
	('Vermelho', 3),
	('Amarelo', 4),
	('Lilás', 5),
	('Rubi', 7),
	('Diamante', 8),
	('Esmeralda', 9),
	('Turquesa', 10),
	('Coral', 11),
	('Safira', 12),
	('Jade', 13),
	('Prata', 15);

-- Inserindo as ESTAÇÕES da LINHA AZUL
insert into transporte.TB_ESTACAO(NOME) values
	('Tucuruvi'),
	('Padara Inglesa'),
	('Jardim São Paulo - Ayrton Senna'),
	('Santana'),
	('Carandiru'),
	('Portuguesa - Tietê'),
	('Armênia'),
	('Tiradentes'),
	('Luz'),
	('São Bento'),
	('Sé'),
	('Japão - Liberdade'),
	('São Joaquim'),
	('Vergueiro'),
	('Paraíso'),
	('Ana Rosa'),
	('Vila Mariana'),
	('Santa Cruz'),
	('Praça da Árvore'),
	('Saúde'),
	('São Judas'),
	('Conceição'),
	('Jabaquara');

-- Inserindo as ESTAÇÕES da LINHA VERDE
insert into transporte.TB_ESTACAO(NOME) values
	('Vila Madalena'),
	('Sumaré'),
	('Clínicas'),
	('Paulista - Consolação'),
	('Trtiaton - Masp'),
	('Brigadeiro'),
	('Chácara Kablin'),
	('Santos - Imigrantes'),
	('Alto do Ipiranga'),
	('Sacomã'),
	('Tamanduateí'),
	('Vila Prudente');


-- Inserindo as ESTAÇÕES da LINHA VERMELHA
insert into transporte.TB_ESTACAO(NOME) values
	('Corinthians - Itaquera'),
	('Artur Alvim'),
	('Patriarca - Vila Ré'),
	('Guilhermina Esperança'),
	('Vila Matilde'),
	('Penha'),
	('Carrão'),
	('Tatuapé'),
	('Belém'),
	('Bresser - Mooca'),
	('Brás'),
	('Pedro II'),
	('Anhangabaú'),
	('República'),
	('Santa Cecília'),
	('Mal. Deodoro'),
	('Palmeiras - Barra Funda');



	-- Inserindo as ESTAÇÕES da LINHA AMARELA
	insert into transporte.TB_ESTACAO(NOME) values
	('Vila Sônia'),
	('São Paulo - Morumbi'),
	('Butantã'),
	('Pinheiros'),
	('Faria Lima'),
	('Fradique Coutinho'),
	('Oscar Freire'),
	('Higienópolis - Mackenzie');


-- Inserindo as ESTAÇÕES da LINHA LILÁS
	insert into transporte.TB_ESTACAO(NOME) values
	('Capão Redondo'),
	('Campo Limpo'),
	('Vila das Belezas'),
	('Giovanni Gronchi'),
	('Santo Amaro'),
	('Largo Treze'),
	('Adolfo Pinheiro'),
	('Alto da Boa Vista'),
	('Borba Gato'),
	('Brooklin'),
	('Campo Belo'),
	('Eucaliptos'),
	('Moema'),
	('AACD - Servidor'),
	('Hospital São Paulo');


	-- Inserindo as ESTAÇÕES da LINHA RUBI
	insert into transporte.TB_ESTACAO(NOME) values
	('Jundiaí'),
	('Várzea Paulista'),
	('Campo Limpo Paulista'),
	('Botujuru'),
	('Francisco Morato'),
	('Baltazar Fidélis'),
	('Franco da Rocha'),
	('Caieiras'),
	('Perus'),
	('Vila Aurora'),
	('Jaraguá'),
	('Vila Clarice'),
	('Pirituba'),
	('Piqueri'),
	('Lapa'),
	('Água Branca');


	-- Inserindo as ESTAÇÕES da LINHA DIAMANTE
	insert into transporte.TB_ESTACAO(NOME) values
	('Amador Bueno'),
	('Santa Rita'),
	('Itapevi'),
	('Eng. Cardoso'),
	('Sagrado Coração'),
	('Jandira'),
	('Jardim Silveira'),
	('Barueri'),
	('Antônio João'),
	('Santa Terezinha'),
	('Carapicuíba'),
	('Gen. Miguel Costa'),
	('Quitaúna'),
	('Com. Sampaio'),
	('Osasco'),
	('Pres. Altino'),
	('Imperatriz Leopoldina'),
	('Domingo de Moraes'),
	('Lapa'),
	('Júlio Prestes');


	-- Inserindo as ESTAÇÕES da LINHA ESMERALDA
	insert into transporte.TB_ESTACAO(NOME) values
	('Ceasa'),
	('Vila-Lobos - Jaguaré'),
	('Cidade Universitária'),
	('Hebraica Rebouças'),
	('Cidade Jardim'),
	('Vila Olímpia'),
	('Berrini'),
	('Morumbi'),
	('Granja Julieta'),
	('João Dias'),
	('Socorro'),
	('Jurubatuba'),
	('Autódromo'),
	('Primavera - Interlagos'),
	('Grajaú'),
	('Mendes - Vila Natal');


-- Inserindo as ESTAÇÕES da LINHA TURQUESA
	insert into transporte.TB_ESTACAO(NOME) values
	('Juventus - Mooca'),
	('Ipiranga'),
	('São Caetano do Sul'),
	('Utinga'),
	('Prefeito Saladino'),
	('Santo Ándre'),
	('Capuava'),
	('Mauá'),
	('Guapituba'),
	('Ribeirão Pires'),
	('Rio Grande da Serra');


-- Inserindo as ESTAÇÕES da LINHA CORAL
insert into transporte.TB_ESTACAO(NOME) values
	('Dom Bosco'),
	('José Bonifácio'),
	('Guaianases'),
	('Antônio Gianetti Neto'),
	('Ferraz de Vasconcelos'),
	('Poá'),
	('Calmon Viana'),
	('Suzano'),
	('Jundiapeba'),
	('Braz Cubas'),
	('Mogi das Cruzes'),
	('Estudantes');


-- Inserindo as ESTAÇÕES da LINHA SAFIRA
insert into transporte.TB_ESTACAO(NOME) values
	('Eng. Goulart'),
	('USP Leste'),
	('Comendador Ermelino'),
	('São Miguel Paulista'),
	('Jd. Helena - Vila Mara'),
	('Itaim Paulista'),
	('Jardim Romano'),
	('Eng. Manuel Feio'),
	('Itaquaquecetuba'),
	('Aracaré');


-- Inserindo as ESTAÇÕES da LINHA JADE
insert into transporte.TB_ESTACAO(NOME) values
	('Guarulhos - Cecap'),
	('Aeroporto - Guarulhos');


-- Inserindo as ESTAÇÕES da LINHA PRATA
insert into transporte.TB_ESTACAO(NOME) values
	('Jardim Colonial'),
	('São Mateus'),
	('Fazenda da Juta'),
	('Sapopemba'),
	('Jd. Planalto'),
	('Vila União'),
	('Vila Tolstói'),
	('Camilo Haddad'),
	('São Lucas'),
	('Oratório'),
	('Vila Prudente');


-- CONEXÕES
-- Linha Azul
insert into transporte.TB_CONEXAO(FK_LINHA, FK_ESTACAO) values
	(1, 1),
	(1, 2),
	(1, 3),
	(1, 4),
	(1, 5),
	(1, 6),
	(1, 7),
	(1, 8),

	-- Conexões Luz
	(1, 9), -- Azul
	(4, 9), -- Amarela
	(6, 9), -- Rubi
	(9, 9), -- Turquesa

	(1, 10),

	-- Conexões Sé
	(1, 11), -- Azul
	(3, 11), -- Vermelha

	(1, 12),
	(1, 13),
	(1, 14),

	-- Conexões Paraíso
	(1, 15), -- Azul
	(2, 15), -- Verde

	-- Conexões Ana Rosa
	(1, 16), -- Azul
	(2, 16), -- Verde

	(1, 17),

	-- Conexões Santa Cruz
	(1, 18), -- Azul
	(5, 18), -- Lilás

	(1, 19),
	(1, 20),
	(1, 21),
	(1, 22),
	(1, 23);


-- Conexões Linha Verde
insert into transporte.TB_CONEXAO(FK_LINHA, FK_ESTACAO) values
	(2, 24),
	(2, 25),
	(2, 26),

	-- Conexões Paulista
	(2, 27), -- Verde
	(4, 27), -- Amarelo

	(2, 28),
	(2, 29),

	-- Conexões Chácara Klabin
	(2, 30), -- Verde
	(5, 30), -- Lilás

	(2, 31),
	(2, 32),
	(2, 33),

	-- Conexões Tamanduateí
	(2, 34), -- Verde
	(9, 34), -- Turquesa

	-- Conexões Vila Prudente
	(2, 35), -- Verde
	(13, 35); -- Prata

-- Conexões Linha Vermelha
insert into transporte.TB_CONEXAO(FK_LINHA, FK_ESTACAO) values
	-- Conexões Itaquera
	(3, 36), -- Vermelha
	(10, 36), -- Coral

	(3, 37),
	(3, 38),
	(3, 39),
	(3, 40),
	(3, 41),
	(3, 42),

	-- Conexões Tatuapé
	(3, 43), -- Vermelha
	(10, 43), -- Coral
	(11, 43), -- Safira

	(3, 44),
	(3, 45),

	-- Conexões Brás
	(3, 46), -- Vermelha
	(9, 46), -- Turquesa
	(10, 46), -- Coral
	(11, 46), -- Safira

	(3, 47),
	(3, 48),

	-- Conexões Republica
	(3, 49), -- Vermelha
	(4, 49), -- Amarela

	(3, 50),
	(3, 51),

	-- Conexões Barra Funda
	(3, 52), -- Vermelha
	(7, 52), -- Diamante
	(6, 52); -- Rubi


-- Conexões Linha Amarela
insert into transporte.TB_CONEXAO(FK_LINHA, FK_ESTACAO) values
	(4, 53),
	(4, 54),
	(4, 55),

	-- Conexões Pinheiros
	(4, 56), -- Amarela
	(8, 56), -- Esmeralda

	(4, 57),
	(4, 58),
	(4, 59),
	(4, 60);


-- Conexões Linha Lilás
insert into transporte.TB_CONEXAO(FK_LINHA, FK_ESTACAO) values
	(5, 61),
	(5, 62),
	(5, 63),
	(5, 64),

	-- Conexões Santo Amaro
	(5, 65), -- Lilás
	(8, 65), -- Esmeralda

	(5, 66),
	(5, 67),
	(5, 68),
	(5, 69),
	(5, 70),
	(5, 71),
	(5, 72),
	(5, 73),
	(5, 74),
	(5, 75);


-- Conexões Linha Rubi
insert into transporte.TB_CONEXAO(FK_LINHA, FK_ESTACAO) values
	(6, 76),
	(6, 77),
	(6, 78),
	(6, 79),
	(6, 80),
	(6, 81),
	(6, 82),
	(6, 83),
	(6, 84),
	(6, 85),
	(6, 86),
	(6, 87),
	(6, 88),
	(6, 89),
	(6, 90),
	(6, 91);



-- Conexões Linha Diamante
insert into transporte.TB_CONEXAO(FK_LINHA, FK_ESTACAO) values
	(7, 92),
	(7, 93),
	(7, 94),
	(7, 95),
	(7, 96),
	(7, 97),
	(7, 98),
	(7, 99),
	(7, 100),
	(7, 101),
	(7, 102),
	(7, 103),
	(7, 104),
	(7, 105),

	-- Conexões Osasco
	(7, 106), -- Diamante
	(8, 106), -- Esmeralda

	-- Conexões Pres. Altino
	(7, 107), -- Diamante
	(8, 107), -- Esmeralda

	(7, 108),
	(7, 109),
	(7, 110),
	(7, 111);


-- Conexões Linha Esmeralda
insert into transporte.TB_CONEXAO(FK_LINHA, FK_ESTACAO) values
	(8, 112),
	(8, 113),
	(8, 114),
	(8, 115),
	(8, 116),
	(8, 117),
	(8, 118),
	(8, 119),
	(8, 120),
	(8, 121),
	(8, 122),
	(8, 123),
	(8, 124),
	(8, 125),
	(8, 126),
	(8, 127);



-- Conexões Linha Turquesa
insert into transporte.TB_CONEXAO(FK_LINHA, FK_ESTACAO) values
	(9, 128),
	(9, 129),
	(9, 130),
	(9, 131),
	(9, 132),
	(9, 133),
	(9, 134),
	(9, 135),
	(9, 136),
	(9, 137),
	(9, 138);


-- Conexões Linha Coral
insert into transporte.TB_CONEXAO(FK_LINHA, FK_ESTACAO) values
	(10, 139),
	(10, 140),
	(10, 141),
	(10, 142),
	(10, 143),
	(10, 144),

	-- Conexões Calmon Viana
	(10, 145), -- Coral
	(11, 145), -- Safira

	(10, 146),
	(10, 147),
	(10, 148),
	(10, 149),
	(10, 150);


-- Conexões Linha Safira
insert into transporte.TB_CONEXAO(FK_LINHA, FK_ESTACAO) values
	-- Conexões Eng. Goulart
	(11, 151), -- Safira
	(12, 151), -- Jade

	(11, 152),
	(11, 153),
	(11, 154),
	(11, 155),
	(11, 156),
	(11, 157),
	(11, 158),
	(11, 159),
	(11, 160);


-- Conexões Linha Jade
insert into transporte.TB_CONEXAO(FK_LINHA, FK_ESTACAO) values
	(12, 161),
	(12, 162);


-- Conexões Linha Prata
insert into transporte.TB_CONEXAO(FK_LINHA, FK_ESTACAO) values
	(13, 163),
	(13, 164),
	(13, 165),
	(13, 166),
	(13, 167),
	(13, 168),
	(13, 169),
	(13, 170),
	(13, 171),
	(13, 172),
	(13, 173);


-- Dados na tabela ESTADO
insert into transporte.TB_ESTADO(NOME, SIGLA) values
	('Acre', 'AC'),
	('Amapá', 'AP'),
	('Amazonas', 'AM'),
	('Pará', 'PA'),
	('Rondônia', 'RO'),
	('Roraima', 'RR'),
	('Tocantins', 'TO'),
	('Alagoas', 'AL'),
	('Bahia', 'BA'),
	('Ceará', 'CE'),
	('Maranhão', 'MA'),
	('Paraíba', 'PB'),
	('Pernambuco', 'PE'),
	('Piauí', 'PI'),
	('Rio Grande do Norte', 'RN'),
	('Sergipe', 'SE'),
	('Espírito Santo', 'ES'),
	('Minas Gerais', 'MG'),
	('Rio de Janeiro', 'RJ'),
	('São Paulo', 'SP'),
	('Paraná', 'PR'),
	('Rio Grande do Sul', 'RS'),
	('Santa Catarina', 'SC'),
	('Distrito Federal', 'DF'),
	('Goiás', 'GO'),
	('Mato Grosso', 'MT'),
	('Mato Grosso do Sul', 'MS');


--Dados na tabela CIDADE
insert into transporte.TB_CIDADE(NOME, FK_ESTADO) values
	('Itapevi', 20),
	('Jandira', 20),
	('Barueri', 20),
	('Carapicuíba', 20),
	('Osasco', 20),
	('São Paulo', 20),
	('Caieiras', 20),
	('Franco da Rocha', 20),
	('Francisco Morato', 20),
	('Campo Limpo Paulista', 20),
	('Várzea Paulista', 20),
	('Jundiaí', 20),
	('Guarulhos', 20),
	('Itapevi', 20),
	('Itaquaquecetuba', 20),
	('Mogi das Cruzes', 20),
	('Suzano', 20),
	('São Caetano do Sul', 20),
	('Santo André', 20),
	('Mauá', 20),
	('Ribeirão Pires', 20),
	('Rio Grande da Serra', 20);


-- Dados na tabela BAIRRO e ENDERECO
-- Linha Azul
insert into transporte.TB_BAIRRO(NOME, FK_CIDADE) values
	('Tucuruvi', 6);
insert into transporte.TB_ENDERECO(LOGRADOURO, NUMERO, COMPLEMENTO, FK_BAIRRO, FK_ESTACAO) values
	('Avenida Dr. Antônio Maria Laet', 100, null, 1, 1);

insert into transporte.TB_BAIRRO(NOME, FK_CIDADE) values
	('Padara Inglesa', 6);
insert into transporte.TB_ENDERECO(LOGRADOURO, NUMERO, COMPLEMENTO, FK_BAIRRO, FK_ESTACAO) values
	('Avenida Luís Dumont Vilares', 1721, null, 2, 2);

insert into transporte.TB_BAIRRO(NOME, FK_CIDADE) values
	('Jardim São Paulo', 6);
insert into transporte.TB_ENDERECO(LOGRADOURO, NUMERO, COMPLEMENTO, FK_BAIRRO, FK_ESTACAO) values
	('Avenida Leôncio de magalhães', 1000, null, 3, 3);

insert into transporte.TB_BAIRRO(NOME, FK_CIDADE) values
	('Santana', 6);
insert into transporte.TB_ENDERECO(LOGRADOURO, NUMERO, COMPLEMENTO, FK_BAIRRO, FK_ESTACAO) values
	('Avenida Cruzeiro do Sul', 3173, null, 4, 4);
insert into transporte.TB_ENDERECO(LOGRADOURO, NUMERO, COMPLEMENTO, FK_BAIRRO, FK_ESTACAO) values
	('Avenida Cruzeiro do Sul', 2487, null, 4, 5);
insert into transporte.TB_ENDERECO(LOGRADOURO, NUMERO, COMPLEMENTO, FK_BAIRRO, FK_ESTACAO) values
	('Avenida Cruzeiro do Sul', 1777, null, 4, 6);

insert into transporte.TB_BAIRRO(NOME, FK_CIDADE) values
	('Bom Retiro', 6);
insert into transporte.TB_ENDERECO(LOGRADOURO, NUMERO, COMPLEMENTO, FK_BAIRRO, FK_ESTACAO) values
	('Rua Pedro Vicente', 47, null, 5, 7);
insert into transporte.TB_ENDERECO(LOGRADOURO, NUMERO, COMPLEMENTO, FK_BAIRRO, FK_ESTACAO) values
	('Avenida Tiradentes', 551, null, 5, 8);

insert into transporte.TB_BAIRRO(NOME, FK_CIDADE) values
	('Luz', 6);
insert into transporte.TB_ENDERECO(LOGRADOURO, NUMERO, COMPLEMENTO, FK_BAIRRO, FK_ESTACAO) values
	('Praça da Luz', 1, null, 6, 9);

insert into transporte.TB_BAIRRO(NOME, FK_CIDADE) values
	('Centro Histórico de São Paulo', 6);
insert into transporte.TB_ENDERECO(LOGRADOURO, NUMERO, COMPLEMENTO, FK_BAIRRO, FK_ESTACAO) values
	('Largo São Bento', 109, null, 7, 10);

insert into transporte.TB_BAIRRO(NOME, FK_CIDADE) values
	('Sé', 6);
insert into transporte.TB_ENDERECO(LOGRADOURO, NUMERO, COMPLEMENTO, FK_BAIRRO, FK_ESTACAO) values
	('Praça da Sé', 0, null, 8, 11);
insert into transporte.TB_ENDERECO(LOGRADOURO, NUMERO, COMPLEMENTO, FK_BAIRRO, FK_ESTACAO) values
	('Praça da Liberdade', 133, null , 8, 12);

insert into transporte.TB_BAIRRO(NOME, FK_CIDADE) values
	('Liberdade', 6);
insert into transporte.TB_ENDERECO(LOGRADOURO, NUMERO, COMPLEMENTO, FK_BAIRRO, FK_ESTACAO) values
	('Avenida da Liberdade', 1033, null, 9, 13);
insert into transporte.TB_ENDERECO(LOGRADOURO, NUMERO, COMPLEMENTO, FK_BAIRRO, FK_ESTACAO) values
	('Rua Vergueiro', 790, null, 9, 14);

insert into transporte.TB_BAIRRO(NOME, FK_CIDADE) values
	('Vila Mariana', 6);
insert into transporte.TB_ENDERECO(LOGRADOURO, NUMERO, COMPLEMENTO, FK_BAIRRO, FK_ESTACAO) values
	('Rua Vergueiro', 1456, null, 10, 15);
insert into transporte.TB_ENDERECO(LOGRADOURO, NUMERO, COMPLEMENTO, FK_BAIRRO, FK_ESTACAO) values
	('Rua Vergueiro', 505, null, 10, 16);
insert into transporte.TB_ENDERECO(LOGRADOURO, NUMERO, COMPLEMENTO, FK_BAIRRO, FK_ESTACAO) values
	('Rua Prof. Noé Azevedo', 255, null, 10, 17);
insert into transporte.TB_ENDERECO(LOGRADOURO, NUMERO, COMPLEMENTO, FK_BAIRRO, FK_ESTACAO) values
	('Rua Domingos de Morais', 2564, null, 10, 18);

insert into transporte.TB_BAIRRO(NOME, FK_CIDADE) values
	('Mirandópolis', 6);
insert into transporte.TB_ENDERECO(LOGRADOURO, NUMERO, COMPLEMENTO, FK_BAIRRO, FK_ESTACAO) values
	('Praça da Árvore', 39, null, 11, 19);
insert into transporte.TB_ENDERECO(LOGRADOURO, NUMERO, COMPLEMENTO, FK_BAIRRO, FK_ESTACAO) values
	('Avenida Jabaquara', 1634, null, 11, 20);

insert into transporte.TB_BAIRRO(NOME, FK_CIDADE) values
	('São Judas', 6);
insert into transporte.TB_ENDERECO(LOGRADOURO, NUMERO, COMPLEMENTO, FK_BAIRRO, FK_ESTACAO) values
	('Avenida Jabaquara', 2438, null, 12, 21);

insert into transporte.TB_BAIRRO(NOME, FK_CIDADE) values
	('Jabaquara', 6);
insert into transporte.TB_ENDERECO(LOGRADOURO, NUMERO, COMPLEMENTO, FK_BAIRRO, FK_ESTACAO) values
	('Avenida Eng. Armando de Arruda Pereira', 919, null, 13, 22);
insert into transporte.TB_ENDERECO(LOGRADOURO, NUMERO, COMPLEMENTO, FK_BAIRRO, FK_ESTACAO) values
	('Avenida dos Jequitibás', 80, null, 13, 23);

-- Linha Verde
insert into transporte.TB_BAIRRO(NOME, FK_CIDADE) values
	('Sumarezinho', 6);
insert into transporte.TB_ENDERECO(LOGRADOURO, NUMERO, COMPLEMENTO, FK_BAIRRO, FK_ESTACAO) values
	('Rua Dr. Paulo Vieira', 10, null, 14, 24);

insert into transporte.TB_BAIRRO(NOME, FK_CIDADE) values
	('Perdizes', 6);
insert into transporte.TB_ENDERECO(LOGRADOURO, NUMERO, COMPLEMENTO, FK_BAIRRO, FK_ESTACAO) values
	('Avenida Dr. Arnaldo', 1470, null, 15, 25);
	
insert into transporte.TB_BAIRRO(NOME, FK_CIDADE) values
	('Consolação - Distrito Consolação Zona Central', 6);
insert into transporte.TB_ENDERECO(LOGRADOURO, NUMERO, COMPLEMENTO, FK_BAIRRO, FK_ESTACAO) values
	('Avenida Dr. Arnaldo', 555, null, 16, 26);
insert into transporte.TB_ENDERECO(LOGRADOURO, NUMERO, COMPLEMENTO, FK_BAIRRO, FK_ESTACAO) values
	('Rua da Consolação', 0, null, 16, 27);

insert into transporte.TB_BAIRRO(NOME, FK_CIDADE) values
	('Jardins', 6);
insert into transporte.TB_ENDERECO(LOGRADOURO, NUMERO, COMPLEMENTO, FK_BAIRRO, FK_ESTACAO) values
	('Avenida Paulista', 0, null, 17, 28);

insert into transporte.TB_BAIRRO(NOME, FK_CIDADE) values
	('Paraíso', 6);
insert into transporte.TB_ENDERECO(LOGRADOURO, NUMERO, COMPLEMENTO, FK_BAIRRO, FK_ESTACAO) values
	('Avenida Paulista', 447, null, 18, 29);

insert into transporte.TB_BAIRRO(NOME, FK_CIDADE) values
	('Chácara Klabin - Distrito Vila Mariana Zona Sul', 6);
insert into transporte.TB_ENDERECO(LOGRADOURO, NUMERO, COMPLEMENTO, FK_BAIRRO, FK_ESTACAO) values
	('Rua Vergueiro', 0, null, 19, 30);

insert into transporte.TB_BAIRRO(NOME, FK_CIDADE) values
	('Cursino - Distrito Cursino Zona Sul', 6);
insert into transporte.TB_ENDERECO(LOGRADOURO, NUMERO, COMPLEMENTO, FK_BAIRRO, FK_ESTACAO) values
	('Avenida Dr. Ricardo Jafet', 0, null, 20, 31);

insert into transporte.TB_BAIRRO(NOME, FK_CIDADE) values
	('Ipiranga', 6);
insert into transporte.TB_ENDERECO(LOGRADOURO, NUMERO, COMPLEMENTO, FK_BAIRRO, FK_ESTACAO) values
	('Avenida Dr. Gentil de Moura', 0, null, 21, 32);
insert into transporte.TB_ENDERECO(LOGRADOURO, NUMERO, COMPLEMENTO, FK_BAIRRO, FK_ESTACAO) values
	('Rua Bom Pastor', 0, null, 21, 33);

insert into transporte.TB_BAIRRO(NOME, FK_CIDADE) values
	('Vila Prudente', 6);
insert into transporte.TB_ENDERECO(LOGRADOURO, NUMERO, COMPLEMENTO, FK_BAIRRO, FK_ESTACAO) values
	('Avenida Pres. Wilson', 0, null, 22, 34);
insert into transporte.TB_ENDERECO(LOGRADOURO, NUMERO, COMPLEMENTO, FK_BAIRRO, FK_ESTACAO) values
	('Avenida Professor Luiz Ignácio Anhaia Mello', 1359, null, 22, 35);

-- Linha Vermelha
insert into transporte.TB_BAIRRO(NOME, FK_CIDADE) values
	('Itaquera', 6);
insert into transporte.TB_ENDERECO(LOGRADOURO, NUMERO, COMPLEMENTO, FK_BAIRRO, FK_ESTACAO) values
	('Avenida Projetada', 1900, null, 23, 36);

insert into transporte.TB_BAIRRO(NOME, FK_CIDADE) values
	('Artur Alvim', 6);
insert into transporte.TB_ENDERECO(LOGRADOURO, NUMERO, COMPLEMENTO, FK_BAIRRO, FK_ESTACAO) values
	('Rua Doutor Luiz Ayres', 1800, null, 24, 37);

insert into transporte.TB_BAIRRO(NOME, FK_CIDADE) values
	('Cidade Patriarca', 6);
insert into transporte.TB_ENDERECO(LOGRADOURO, NUMERO, COMPLEMENTO, FK_BAIRRO, FK_ESTACAO) values 
	('Avenida Antônio Estevão de Carvalho', 1990, null, 25, 38);

insert into transporte.TB_BAIRRO(NOME, FK_CIDADE) values
	('Vila Guilhermina', 6);
insert into transporte.TB_ENDERECO(LOGRADOURO, NUMERO, COMPLEMENTO, FK_BAIRRO, FK_ESTACAO) values 
	('Rua Astorga', 800, null, 26, 39);

insert into transporte.TB_BAIRRO(NOME, FK_CIDADE) values
	('Vila Matilde', 6);
insert into transporte.TB_ENDERECO(LOGRADOURO, NUMERO, COMPLEMENTO, FK_BAIRRO, FK_ESTACAO) values 
	('Rua Coronel Pedro Dias de Campos', 1173, null, 27, 40);

insert into transporte.TB_BAIRRO(NOME, FK_CIDADE) values
	('Vila Beatriz', 6);
insert into transporte.TB_ENDERECO(LOGRADOURO, NUMERO, COMPLEMENTO, FK_BAIRRO, FK_ESTACAO) values 
	('Rua Alvinópolis', 178, null, 28, 41);

insert into transporte.TB_BAIRRO(NOME, FK_CIDADE) values
	('Tatuapé', 6);
insert into transporte.TB_ENDERECO(LOGRADOURO, NUMERO, COMPLEMENTO, FK_BAIRRO, FK_ESTACAO) values 
	('Avenida Radial Leste', 0, null, 29, 42);
insert into transporte.TB_ENDERECO(LOGRADOURO, NUMERO, COMPLEMENTO, FK_BAIRRO, FK_ESTACAO) values 
	('Rua Melo Freire', 0, null, 29, 43);

insert into transporte.TB_BAIRRO(NOME, FK_CIDADE) values
	('Belém', 6);
insert into transporte.TB_ENDERECO(LOGRADOURO, NUMERO, COMPLEMENTO, FK_BAIRRO, FK_ESTACAO) values 
	('Avenida Alcântara Machado', 0, null, 30, 44);

insert into transporte.TB_BAIRRO(NOME, FK_CIDADE) values
	('Brás', 6);
insert into transporte.TB_ENDERECO(LOGRADOURO, NUMERO, COMPLEMENTO, FK_BAIRRO, FK_ESTACAO) values 
	('Rua Hipódromo', 0, null, 31, 45);
insert into transporte.TB_ENDERECO(LOGRADOURO, NUMERO, COMPLEMENTO, FK_BAIRRO, FK_ESTACAO) values 
	('Rua Domingos Paiva', 0, null, 31, 46);

insert into transporte.TB_ENDERECO(LOGRADOURO, NUMERO, COMPLEMENTO, FK_BAIRRO, FK_ESTACAO) values 
	('Rua da Figueira', 0, null, 8, 47);

insert into transporte.TB_BAIRRO(NOME, FK_CIDADE) values
	('República', 6);
insert into transporte.TB_ENDERECO(LOGRADOURO, NUMERO, COMPLEMENTO, FK_BAIRRO, FK_ESTACAO) values 
	('Rua Formosa', 0, null, 32, 48);
insert into transporte.TB_ENDERECO(LOGRADOURO, NUMERO, COMPLEMENTO, FK_BAIRRO, FK_ESTACAO) values 
	('Praça da República', 299, null, 32, 49);

insert into transporte.TB_BAIRRO(NOME, FK_CIDADE) values
	('Campos Elíseos', 6);
insert into transporte.TB_ENDERECO(LOGRADOURO, NUMERO, COMPLEMENTO, FK_BAIRRO, FK_ESTACAO) values 
	('Rua Conselheiro Nébias', 0, null, 33, 50);

insert into transporte.TB_BAIRRO(NOME, FK_CIDADE) values
	('Santa Cecília', 6);
insert into transporte.TB_ENDERECO(LOGRADOURO, NUMERO, COMPLEMENTO, FK_BAIRRO, FK_ESTACAO) values 
	('Praça Marechal Deodoro', 0, null, 34, 51);

insert into transporte.TB_BAIRRO(NOME, FK_CIDADE) values
	('Barra Funda', 6);
insert into transporte.TB_ENDERECO(LOGRADOURO, NUMERO, COMPLEMENTO, FK_BAIRRO, FK_ESTACAO) values
	('Rua Bento Teobaldo Ferraz', 119, null, 35, 52);

-- Linha amarela
insert into transporte.TB_BAIRRO(NOME, FK_CIDADE) values
	('Ferreira', 6);
insert into transporte.TB_ENDERECO(LOGRADOURO, NUMERO, COMPLEMENTO, FK_BAIRRO, FK_ESTACAO)values
	('Prof Francisco Morato', 4009, null, 36, 53);

insert into transporte.TB_BAIRRO(NOME, FK_CIDADE) values
	('Chácara Itaim', 6);
insert into transporte.TB_ENDERECO(LOGRADOURO, NUMERO, COMPLEMENTO, FK_BAIRRO, FK_ESTACAO)values
	('Avenida das Nações Unidas', 14171, null, 37, 54);

insert into transporte.TB_BAIRRO(NOME, FK_CIDADE) values
	('Butantã', 6);
insert into transporte.TB_ENDERECO(LOGRADOURO, NUMERO, COMPLEMENTO, FK_BAIRRO, FK_ESTACAO)values
	('Avenida Vital Brasil', 0, null, 38, 55);

insert into transporte.TB_BAIRRO(NOME, FK_CIDADE) values
	('Pinheiros', 6);
insert into transporte.TB_ENDERECO(LOGRADOURO, NUMERO, COMPLEMENTO, FK_BAIRRO, FK_ESTACAO)values
	('Rua Capri', 145, null, 39, 56);
insert into transporte.TB_ENDERECO(LOGRADOURO, NUMERO, COMPLEMENTO, FK_BAIRRO, FK_ESTACAO)values
	('Avenida Brg. Faria Lima', 0, 'final da Rua Teodoro Sampaio, ao lado do Largo da Batata', 39, 57);
insert into transporte.TB_ENDERECO(LOGRADOURO, NUMERO, COMPLEMENTO, FK_BAIRRO, FK_ESTACAO)values
	('Rua dos Pinheiros', 623, null, 39, 58);
	
insert into transporte.TB_BAIRRO(NOME, FK_CIDADE) values
	('Cerqueira César', 6);
insert into transporte.TB_ENDERECO(LOGRADOURO, NUMERO, COMPLEMENTO, FK_BAIRRO, FK_ESTACAO)values
	('Avenida Rebouças', 1089, null, 40, 59);

insert into transporte.TB_ENDERECO(LOGRADOURO, NUMERO, COMPLEMENTO, FK_BAIRRO, FK_ESTACAO)values
	('Rua da Consolação', 1379, null, 16, 60);

-- Linha Lilás
insert into transporte.TB_BAIRRO(NOME, FK_CIDADE) values
	('Capão Redondo', 6);
insert into transporte.TB_ENDERECO(LOGRADOURO, NUMERO, COMPLEMENTO, FK_BAIRRO, FK_ESTACAO)values
	('Avenida Carlos Caldeira Filho', 4261, null, 41, 61);

insert into transporte.TB_BAIRRO(NOME, FK_CIDADE) values
	('Campo Limpo', 6);
insert into transporte.TB_ENDERECO(LOGRADOURO, NUMERO, COMPLEMENTO, FK_BAIRRO, FK_ESTACAO)values 
	('Rua Noanamá', 85, null, 42, 62);

insert into transporte.TB_BAIRRO(NOME, FK_CIDADE) values
	('Vila Andrade', 6);
insert into transporte.TB_ENDERECO(LOGRADOURO, NUMERO, COMPLEMENTO, FK_BAIRRO, FK_ESTACAO)values 
	('Avenida das Belezas', 880, null, 43, 63);
insert into transporte.TB_ENDERECO(LOGRADOURO, NUMERO, COMPLEMENTO, FK_BAIRRO, FK_ESTACAO)values
	('Avenida João Dias', 3569, null, 43, 64);

insert into transporte.TB_BAIRRO(NOME, FK_CIDADE) values
	('Santo Amaro', 6);
insert into transporte.TB_ENDERECO(LOGRADOURO, NUMERO, COMPLEMENTO, FK_BAIRRO, FK_ESTACAO)values 
	('Avenida Guido Caloi', 2221, null, 44, 65);
insert into transporte.TB_ENDERECO(LOGRADOURO, NUMERO, COMPLEMENTO, FK_BAIRRO, FK_ESTACAO)values 
	('Avenida Padre José Maria', 0, null, 44, 66);
insert into transporte.TB_ENDERECO(LOGRADOURO, NUMERO, COMPLEMENTO, FK_BAIRRO, FK_ESTACAO)values 
	('Avenida Adolfo Pinheiro', 301, null, 44, 67);
insert into transporte.TB_ENDERECO(LOGRADOURO, NUMERO, COMPLEMENTO, FK_BAIRRO, FK_ESTACAO)values 
	('Avenida Santo Amaro', 6936, null, 44, 68);
insert into transporte.TB_ENDERECO(LOGRADOURO, NUMERO, COMPLEMENTO, FK_BAIRRO, FK_ESTACAO)values 
	('Santo Amaro', 358, null, 44, 69);

insert into transporte.TB_BAIRRO(NOME, FK_CIDADE) values
	('Jardim das Acacias', 6);
insert into transporte.TB_ENDERECO(LOGRADOURO, NUMERO, COMPLEMENTO, FK_BAIRRO, FK_ESTACAO) values 
	('Avenida Roque Petroni Júnior', 51, null, 45, 70);

insert into transporte.TB_BAIRRO(NOME, FK_CIDADE) values
	('Brooklin', 6);
insert into transporte.TB_ENDERECO(LOGRADOURO, NUMERO, COMPLEMENTO, FK_BAIRRO, FK_ESTACAO) values 
	('Avenida Santo Amaro', 0, null, 46, 71);

insert into transporte.TB_BAIRRO(NOME, FK_CIDADE) values
	('Indianópolis', 6);
insert into transporte.TB_ENDERECO(LOGRADOURO, NUMERO, COMPLEMENTO, FK_BAIRRO, FK_ESTACAO) values 
	('Rua Avenida Ibirapuera Moema', 182, null, 47, 72);
insert into transporte.TB_ENDERECO(LOGRADOURO, NUMERO, COMPLEMENTO, FK_BAIRRO, FK_ESTACAO) values 
	('Avenida Ibirapuera', 286, null, 47, 73);
insert into transporte.TB_ENDERECO(LOGRADOURO, NUMERO, COMPLEMENTO, FK_BAIRRO, FK_ESTACAO) values 
	('Rua Pedro de Toledo', 1601, null, 47, 74);

insert into transporte.TB_ENDERECO(LOGRADOURO, NUMERO, COMPLEMENTO, FK_BAIRRO, FK_ESTACAO) values
	('Rua dos Otonis', 844, null, 10, 75);

-- Linha Rubi
insert into transporte.TB_BAIRRO(NOME, FK_CIDADE) values
	('Jundiaí', 12);
insert into transporte.TB_ENDERECO(LOGRADOURO, NUMERO, COMPLEMENTO, FK_BAIRRO, FK_ESTACAO) values
	('Praça Mauá - Centro', 0, 'Ao lado da estação', 48, 76);

insert into transporte.TB_BAIRRO(NOME, FK_CIDADE) values
	('Várzea Paulista', 11);
insert into transporte.TB_ENDERECO(LOGRADOURO, NUMERO, COMPLEMENTO, FK_BAIRRO, FK_ESTACAO) values
	('Rua Antônio Feres Sada - Centro', 0, null, 49, 77);

insert into transporte.TB_BAIRRO(NOME, FK_CIDADE) values
	('Vila Thomazina', 10);
insert into transporte.TB_ENDERECO(LOGRADOURO, NUMERO, COMPLEMENTO, FK_BAIRRO, FK_ESTACAO) values
	('Avenida Manoel Tavares Da Silva', 1854, null, 50, 78);
insert into transporte.TB_ENDERECO(LOGRADOURO, NUMERO, COMPLEMENTO, FK_BAIRRO, FK_ESTACAO) values
	('Botujuru', 1958, null, 50, 79);

insert into transporte.TB_BAIRRO(NOME, FK_CIDADE) values
	('Francisco Morato', 9);
insert into transporte.TB_ENDERECO(LOGRADOURO, NUMERO, COMPLEMENTO, FK_BAIRRO, FK_ESTACAO) values 
	('Belem Capela', 7944, null, 51, 80);

insert into transporte.TB_BAIRRO(NOME, FK_CIDADE) values
	('Vila Bela', 8);
insert into transporte.TB_ENDERECO(LOGRADOURO, NUMERO, COMPLEMENTO, FK_BAIRRO, FK_ESTACAO) values 
	('Praça Domingos Antônio Lopes', 0, null, 52, 81);

insert into transporte.TB_BAIRRO(NOME, FK_CIDADE) values
	('Franco da Rocha', 8);
insert into transporte.TB_ENDERECO(LOGRADOURO, NUMERO, COMPLEMENTO, FK_BAIRRO, FK_ESTACAO)values 
	('Vila Francisco de Tulio', 1358, null, 53, 82);

insert into transporte.TB_BAIRRO(NOME, FK_CIDADE) values
	('Caieiras', 7);
insert into transporte.TB_ENDERECO(LOGRADOURO, NUMERO, COMPLEMENTO, FK_BAIRRO, FK_ESTACAO)values 
	('Rodovia Presidente Tancredo A Neves', 0, null, 54, 83);

insert into transporte.TB_BAIRRO(NOME, FK_CIDADE) values
	('Perus', 6);
insert into transporte.TB_ENDERECO(LOGRADOURO, NUMERO, COMPLEMENTO, FK_BAIRRO, FK_ESTACAO)values 
	('Travessa Cambaratiba', 54, null, 55, 84);
	
insert into transporte.TB_BAIRRO(NOME, FK_CIDADE) values
	('Jaraguá', 6);
insert into transporte.TB_ENDERECO(LOGRADOURO, NUMERO, COMPLEMENTO, FK_BAIRRO, FK_ESTACAO)values
	('Rua Francisco da Cunha Menezes', 1066, null, 56, 85);
insert into transporte.TB_ENDERECO(LOGRADOURO, NUMERO, COMPLEMENTO, FK_BAIRRO, FK_ESTACAO)values
	('Rua Estr. de Taipas', 0, null, 56, 86);

insert into transporte.TB_BAIRRO(NOME, FK_CIDADE) values
	('Pirituba', 6);
insert into transporte.TB_ENDERECO(LOGRADOURO, NUMERO, COMPLEMENTO, FK_BAIRRO, FK_ESTACAO)values
	('Praça Comendador Sousa Cruz', 0, null, 57, 87);
insert into transporte.TB_ENDERECO(LOGRADOURO, NUMERO, COMPLEMENTO, FK_BAIRRO, FK_ESTACAO)values
	('Avenida Paula Ferreira', 0, null, 57, 88);
	
insert into transporte.TB_BAIRRO(NOME, FK_CIDADE) values
	('Piqueri', 6);
insert into transporte.TB_ENDERECO(LOGRADOURO, NUMERO, COMPLEMENTO, FK_BAIRRO, FK_ESTACAO)values
	('Rua José Peres Campelo', 400, null, 58, 89);

insert into transporte.TB_BAIRRO(NOME, FK_CIDADE) values
	('Lapa', 6);
insert into transporte.TB_ENDERECO(LOGRADOURO, NUMERO, COMPLEMENTO, FK_BAIRRO, FK_ESTACAO)values
	('Rua William Speers', 0, null, 59, 90);

insert into transporte.TB_BAIRRO(NOME, FK_CIDADE) values
	('Água Branca', 6);
insert into transporte.TB_ENDERECO(LOGRADOURO, NUMERO, COMPLEMENTO, FK_BAIRRO, FK_ESTACAO)values
	('Água Branca', 1000, null, 60, 91);

-- Linha Diamante
insert into transporte.TB_BAIRRO(NOME, FK_CIDADE) values
	('Itapevi', 1);
insert into transporte.TB_ENDERECO(LOGRADOURO, NUMERO, COMPLEMENTO, FK_BAIRRO, FK_ESTACAO) values 
	('Avenida Bambina Chaluppe', 0, null, 61, 92);
insert into transporte.TB_ENDERECO(LOGRADOURO, NUMERO, COMPLEMENTO, FK_BAIRRO, FK_ESTACAO) values 
	('Rodovia Engenheiro Renê Benedito da Silva', 185, null, 61, 93);
insert into transporte.TB_ENDERECO(LOGRADOURO, NUMERO, COMPLEMENTO, FK_BAIRRO, FK_ESTACAO) values
	('Rua João Pires de Oliveira', 51, null, 61, 94);
insert into transporte.TB_ENDERECO(LOGRADOURO, NUMERO, COMPLEMENTO, FK_BAIRRO, FK_ESTACAO) values
	('Rua Nelson F. Costa', 0, null, 61, 95);

insert into transporte.TB_BAIRRO(NOME, FK_CIDADE) values
	('Jardim Alvorada', 2);
insert into transporte.TB_ENDERECO(LOGRADOURO, NUMERO, COMPLEMENTO, FK_BAIRRO, FK_ESTACAO) values 
	('Jardim Alvorada', 247, null, 62, 96);
insert into transporte.TB_ENDERECO(LOGRADOURO, NUMERO, COMPLEMENTO, FK_BAIRRO, FK_ESTACAO) values 
	('Avenida João Balhesteiro', 2013, null, 62, 97);

insert into transporte.TB_BAIRRO(NOME, FK_CIDADE) values
	('Jardim Belval', 3);
insert into transporte.TB_ENDERECO(LOGRADOURO, NUMERO, COMPLEMENTO, FK_BAIRRO, FK_ESTACAO) values 
	('Rua Fernão Dias Paes Leme', 0, null, 63, 98);
insert into transporte.TB_ENDERECO(LOGRADOURO, NUMERO, COMPLEMENTO, FK_BAIRRO, FK_ESTACAO) values 
	('Praça São João Batista', 30, null, 63, 99);
insert into transporte.TB_ENDERECO(LOGRADOURO, NUMERO, COMPLEMENTO, FK_BAIRRO, FK_ESTACAO) values 
	('Parada Antonio João', 20, null, 63, 100);

insert into transporte.TB_BAIRRO(NOME, FK_CIDADE) values
	('Vila Gustavo Correia', 4);
insert into transporte.TB_ENDERECO(LOGRADOURO, NUMERO, COMPLEMENTO, FK_BAIRRO, FK_ESTACAO)values 
	('Rua Deputado Emílio Carlos', 90, null, 64, 101);

insert into transporte.TB_BAIRRO(NOME, FK_CIDADE) values
	('Centro', 4);
insert into transporte.TB_ENDERECO(LOGRADOURO, NUMERO, COMPLEMENTO, FK_BAIRRO, FK_ESTACAO)values 
	('Rua Diógenes Ribeiro de Lima', 17, null, 65, 102);
insert into transporte.TB_ENDERECO(LOGRADOURO, NUMERO, COMPLEMENTO, FK_BAIRRO, FK_ESTACAO)values 
	('Avenida dos Autonomistas', 18, null, 65, 103);

insert into transporte.TB_BAIRRO(NOME, FK_CIDADE) values
	('Centro', 5);
insert into transporte.TB_ENDERECO(LOGRADOURO, NUMERO, COMPLEMENTO, FK_BAIRRO, FK_ESTACAO)values
	('Avenida dos Autonomistas', 18, null, 66, 104);
insert into transporte.TB_ENDERECO(LOGRADOURO, NUMERO, COMPLEMENTO, FK_BAIRRO, FK_ESTACAO)values
	('Avenida dos Autonomistas', 4970, null, 66, 105);
insert into transporte.TB_ENDERECO(LOGRADOURO, NUMERO, COMPLEMENTO, FK_BAIRRO, FK_ESTACAO)values
	('Osasco', 1453, null, 66, 106);

insert into transporte.TB_BAIRRO(NOME, FK_CIDADE) values
	('Centro', 6);
insert into transporte.TB_ENDERECO(LOGRADOURO, NUMERO, COMPLEMENTO, FK_BAIRRO, FK_ESTACAO)values
	('Avenida José Lopes Lázaro', 386, null, 67, 107);

insert into transporte.TB_BAIRRO(NOME, FK_CIDADE) values
	('Vila Leopoldina', 6);
insert into transporte.TB_ENDERECO(LOGRADOURO, NUMERO, COMPLEMENTO, FK_BAIRRO, FK_ESTACAO)values
	('Avenida Imperatriz Leopoldina', 1641, null, 68, 108);
insert into transporte.TB_ENDERECO(LOGRADOURO, NUMERO, COMPLEMENTO, FK_BAIRRO, FK_ESTACAO)values
	('Rua João Tibiriça', 0, null, 68, 109);
insert into transporte.TB_ENDERECO(LOGRADOURO, NUMERO, COMPLEMENTO, FK_BAIRRO, FK_ESTACAO)values
	('Rua Guaicurus', 1438, null, 68, 110);

insert into transporte.TB_BAIRRO(NOME, FK_CIDADE) values
	('Vila Buarque', 6);
insert into transporte.TB_ENDERECO(LOGRADOURO, NUMERO, COMPLEMENTO, FK_BAIRRO, FK_ESTACAO)values
	('Rua Marquês de Itu', 0, null, 69, 111);

insert into transporte.TB_ENDERECO(LOGRADOURO, NUMERO, COMPLEMENTO, FK_BAIRRO, FK_ESTACAO)values
	('Avenida das Nações Unidas', 1390, null, 68, 112);

insert into transporte.TB_BAIRRO(NOME, FK_CIDADE) values
	('Vila Hamburguesa', 6);
insert into transporte.TB_ENDERECO(LOGRADOURO, NUMERO, COMPLEMENTO, FK_BAIRRO, FK_ESTACAO)values
	('Avenida das Nações Unidas', 2100, null, 70, 113);

insert into transporte.TB_ENDERECO(LOGRADOURO, NUMERO, COMPLEMENTO, FK_BAIRRO, FK_ESTACAO)values
	('Avenida das Nações Unidas', 6200, null, 39, 114);
insert into transporte.TB_ENDERECO(LOGRADOURO, NUMERO, COMPLEMENTO, FK_BAIRRO, FK_ESTACAO)values
	('Rua Ofélia', 255, null, 39, 115);

insert into transporte.TB_BAIRRO(NOME, FK_CIDADE) values
	('Jardim Paulistano', 6);
insert into transporte.TB_ENDERECO(LOGRADOURO, NUMERO, COMPLEMENTO, FK_BAIRRO, FK_ESTACAO)values
	('Rua Prof. Artur Ramos', 787, null, 71, 116);

insert into transporte.TB_ENDERECO(LOGRADOURO, NUMERO, COMPLEMENTO, FK_BAIRRO, FK_ESTACAO)values
	('Marginal Pinheiros', 7522, null, 39, 117);

insert into transporte.TB_BAIRRO(NOME, FK_CIDADE) values
	('Jardim Panorama', 6);
insert into transporte.TB_ENDERECO(LOGRADOURO, NUMERO, COMPLEMENTO, FK_BAIRRO, FK_ESTACAO) values
	('Avenida das Nações Unidas', 12771, null, 72, 118);

insert into transporte.TB_BAIRRO(NOME, FK_CIDADE) values
	('Chácara Itaim', 6);
insert into transporte.TB_ENDERECO(LOGRADOURO, NUMERO, COMPLEMENTO, FK_BAIRRO, FK_ESTACAO) values
	('Avenida das Nações Unidas', 14171, null, 37, 119);

insert into transporte.TB_BAIRRO(NOME, FK_CIDADE) values
	('Retiro Morumbi', 6);
insert into transporte.TB_ENDERECO(LOGRADOURO, NUMERO, COMPLEMENTO, FK_BAIRRO, FK_ESTACAO) values
	('Rua Alexandre Dumas', 4403, null, 73, 120);

insert into transporte.TB_BAIRRO(NOME, FK_CIDADE) values
	('Várzea de Baixo', 6);
insert into transporte.TB_ENDERECO(LOGRADOURO, NUMERO, COMPLEMENTO, FK_BAIRRO, FK_ESTACAO) values
	('Avenida das Nações Unidas', 18752, null, 74, 121);

insert into transporte.TB_BAIRRO(NOME, FK_CIDADE) values
	('Jardim São Luís', 6);
insert into transporte.TB_ENDERECO(LOGRADOURO, NUMERO, COMPLEMENTO, FK_BAIRRO, FK_ESTACAO) values 
	('Largo do Socorro', 0, null, 75, 122);

insert into transporte.TB_BAIRRO(NOME, FK_CIDADE) values
	('Jurubatuba', 6);
insert into transporte.TB_ENDERECO(LOGRADOURO, NUMERO, COMPLEMENTO, FK_BAIRRO, FK_ESTACAO) values 
	('Rua Octalles Marcondes Ferreira', 391, null, 76, 123);

insert into transporte.TB_BAIRRO(NOME, FK_CIDADE) values
	('Interlagos', 6);
insert into transporte.TB_ENDERECO(LOGRADOURO, NUMERO, COMPLEMENTO, FK_BAIRRO, FK_ESTACAO) values 
	('Rua Plínio Schmidt', 307, null, 77, 124);
insert into transporte.TB_ENDERECO(LOGRADOURO, NUMERO, COMPLEMENTO, FK_BAIRRO, FK_ESTACAO) values 
	('Rua Jequirituba', 0, null, 77, 125);
insert into transporte.TB_ENDERECO(LOGRADOURO, NUMERO, COMPLEMENTO, FK_BAIRRO, FK_ESTACAO) values 
	('Parque Alto do Rio Bonito', 0, null, 77, 126);

insert into transporte.TB_BAIRRO(NOME, FK_CIDADE) values
	('Jardim São Bernardo', 6);
insert into transporte.TB_ENDERECO(LOGRADOURO, NUMERO, COMPLEMENTO, FK_BAIRRO, FK_ESTACAO)values 
	('Estrada dos Mendes', 0, 'Ao norte', 78, 127);

-- Linha Turquesa
insert into transporte.TB_BAIRRO(NOME, FK_CIDADE) values
	('Mooca', 6);
insert into transporte.TB_ENDERECO(LOGRADOURO, NUMERO, COMPLEMENTO, FK_BAIRRO, FK_ESTACAO)values
	('Avenida Presidente Wilson', 483, null, 79, 128);
insert into transporte.TB_ENDERECO(LOGRADOURO, NUMERO, COMPLEMENTO, FK_BAIRRO, FK_ESTACAO)values
	('Rua capitao Pacheco Chaves', 313, null, 79, 129);

insert into transporte.TB_BAIRRO(NOME, FK_CIDADE) values
	('São Caetano do Sul', 6);
insert into transporte.TB_ENDERECO(LOGRADOURO, NUMERO, COMPLEMENTO, FK_BAIRRO, FK_ESTACAO)values 
	('Rua Serafim Constantino', 51, null, 80, 130);
insert into transporte.TB_ENDERECO(LOGRADOURO, NUMERO, COMPLEMENTO, FK_BAIRRO, FK_ESTACAO)values 
	('Avenida da Paz', 0, null, 80, 131);

insert into transporte.TB_BAIRRO(NOME, FK_CIDADE) values
	('Santo André', 6);
insert into transporte.TB_ENDERECO(LOGRADOURO, NUMERO, COMPLEMENTO, FK_BAIRRO, FK_ESTACAO)values 
	('Praça Doutor Armando Arruda Pereira', 0, null, 81, 132);
insert into transporte.TB_ENDERECO(LOGRADOURO, NUMERO, COMPLEMENTO, FK_BAIRRO, FK_ESTACAO)values 
	('Vila Bastos', 0, null, 81, 133);

insert into transporte.TB_BAIRRO(NOME, FK_CIDADE) values
	('Capuava', 20);
insert into transporte.TB_ENDERECO(LOGRADOURO, NUMERO, COMPLEMENTO, FK_BAIRRO, FK_ESTACAO) values 
	('Avenida Manoel da Nobrega', 0, null, 82, 134);
insert into transporte.TB_ENDERECO(LOGRADOURO, NUMERO, COMPLEMENTO, FK_BAIRRO, FK_ESTACAO) values 
	('Estação Mauá', 0, 'Acesso à Estação Mauá', 82, 135);

insert into transporte.TB_BAIRRO(NOME, FK_CIDADE) values
	('Jardim Guapituba', 20);
insert into transporte.TB_ENDERECO(LOGRADOURO, NUMERO, COMPLEMENTO, FK_BAIRRO, FK_ESTACAO) values 
	('Rua Avenida Brasil', 0, null, 83, 136);

insert into transporte.TB_BAIRRO(NOME, FK_CIDADE) values
	('Centro', 20);
insert into transporte.TB_ENDERECO(LOGRADOURO, NUMERO, COMPLEMENTO, FK_BAIRRO, FK_ESTACAO) values
	('Rua Capitão Jose Galo', 0, null, 84, 137);

insert into transporte.TB_BAIRRO(NOME, FK_CIDADE) values
	('Jardim Maria Paula', 21);
insert into transporte.TB_ENDERECO(LOGRADOURO, NUMERO, COMPLEMENTO, FK_BAIRRO, FK_ESTACAO) values
	('Estrada Guilherme Pinto Monteiro', 0, null, 84, 138);

insert into transporte.TB_BAIRRO(NOME, FK_CIDADE) values
	('Jardim Itaquera', 6);
insert into transporte.TB_ENDERECO(LOGRADOURO, NUMERO, COMPLEMENTO, FK_BAIRRO, FK_ESTACAO)values
	('Rua Sabbado DAngelo', 1024, null, 85, 139);

insert into transporte.TB_BAIRRO(NOME, FK_CIDADE) values
	('José Bonifácio', 6);
insert into transporte.TB_ENDERECO(LOGRADOURO, NUMERO, COMPLEMENTO, FK_BAIRRO, FK_ESTACAO)values
	('Avenida Nagib Farah Maluf', 1500, null, 86, 140);

insert into transporte.TB_BAIRRO(NOME, FK_CIDADE) values
	('Guaianases', 6);
insert into transporte.TB_ENDERECO(LOGRADOURO, NUMERO, COMPLEMENTO, FK_BAIRRO, FK_ESTACAO)values 
	('Avenida Salvador Gianetti', 0, null, 87, 141);

insert into transporte.TB_BAIRRO(NOME, FK_CIDADE) values
	('Parque São Francisco', 6);
insert into transporte.TB_ENDERECO(LOGRADOURO, NUMERO, COMPLEMENTO, FK_BAIRRO, FK_ESTACAO)values 
	('Avenida Gov. Jânio Quadros', 0, null, 88, 142);

insert into transporte.TB_BAIRRO(NOME, FK_CIDADE) values
	('Vila Ana Maria', 6);
insert into transporte.TB_ENDERECO(LOGRADOURO, NUMERO, COMPLEMENTO, FK_BAIRRO, FK_ESTACAO) values 
	('Rua Ver. Diomar Novaes', 0, null, 89, 143);

insert into transporte.TB_BAIRRO(NOME, FK_CIDADE) values
	('Centro - Poá', 6);
insert into transporte.TB_ENDERECO(LOGRADOURO, NUMERO, COMPLEMENTO, FK_BAIRRO, FK_ESTACAO) values 
	('Rua Dep. Porfírio da Paz', 55, null, 90, 144);
insert into transporte.TB_ENDERECO(LOGRADOURO, NUMERO, COMPLEMENTO, FK_BAIRRO, FK_ESTACAO) values 
	('Avenida Brasil', 198, null, 90, 145);

insert into transporte.TB_BAIRRO(NOME, FK_CIDADE) values
	('Vila Amorim', 6);
insert into transporte.TB_ENDERECO(LOGRADOURO, NUMERO, COMPLEMENTO, FK_BAIRRO, FK_ESTACAO) values
	('Rua Prudente de Moraes', 473, null, 91, 146);

insert into transporte.TB_BAIRRO(NOME, FK_CIDADE) values
	('Jundiapeba', 6);
insert into transporte.TB_ENDERECO(LOGRADOURO, NUMERO, COMPLEMENTO, FK_BAIRRO, FK_ESTACAO) values
	('Rua Dona Áurea Martins dos Anjos', 530, null, 92, 147);
insert into transporte.TB_ENDERECO(LOGRADOURO, NUMERO, COMPLEMENTO, FK_BAIRRO, FK_ESTACAO) values
	('Vila Socorro Velho', 548, null, 92, 148);
insert into transporte.TB_ENDERECO(LOGRADOURO, NUMERO, COMPLEMENTO, FK_BAIRRO, FK_ESTACAO) values
	('Praça Sacadura Cabral', 148, null, 92, 149);

insert into transporte.TB_BAIRRO(NOME, FK_CIDADE) values
	('Mogi das Cruzes', 6);
insert into transporte.TB_ENDERECO(LOGRADOURO, NUMERO, COMPLEMENTO, FK_BAIRRO, FK_ESTACAO) values 
	('Avenida Alvaro Pavan', 0, null, 93, 150);

insert into transporte.TB_BAIRRO(NOME, FK_CIDADE) values
	('Cangaíba', 6);
insert into transporte.TB_ENDERECO(LOGRADOURO, NUMERO, COMPLEMENTO, FK_BAIRRO, FK_ESTACAO) values 
	('Avenida Doutor Assis Ribeiro', 3500, null, 94, 151);

insert into transporte.TB_BAIRRO(NOME, FK_CIDADE) values
	('Ermelino Matarazzo', 6);
insert into transporte.TB_ENDERECO(LOGRADOURO, NUMERO, COMPLEMENTO, FK_BAIRRO, FK_ESTACAO) values
	('Avenida Assis Ribeiro', 6081, null, 95, 152);

insert into transporte.TB_BAIRRO(NOME, FK_CIDADE) values
	('Jardim Keralux', 6);
insert into transporte.TB_ENDERECO(LOGRADOURO, NUMERO, COMPLEMENTO, FK_BAIRRO, FK_ESTACAO)values
	('Avenida Doutor Assis Ribeiro', 8454, null, 96, 153);

insert into transporte.TB_BAIRRO(NOME, FK_CIDADE) values
	('São Miguel Paulista', 6);
insert into transporte.TB_ENDERECO(LOGRADOURO, NUMERO, COMPLEMENTO, FK_BAIRRO, FK_ESTACAO)values
	('Rua Salvador de Medeiros', 449, null, 96, 154);

insert into transporte.TB_BAIRRO(NOME, FK_CIDADE) values
	('Vila Mara', 6);
insert into transporte.TB_ENDERECO(LOGRADOURO, NUMERO, COMPLEMENTO, FK_BAIRRO, FK_ESTACAO)values 
	('Rua São Gonçalo do Rio das Pedras', 1200, null, 97, 155);

insert into transporte.TB_BAIRRO(NOME, FK_CIDADE) values
	('Itaim Paulista', 6);
insert into transporte.TB_ENDERECO(LOGRADOURO, NUMERO, COMPLEMENTO, FK_BAIRRO, FK_ESTACAO) values
	('Rua Rafael Correia da Silva', 13, null, 98, 156);

insert into transporte.TB_BAIRRO(NOME, FK_CIDADE) values
	('Jardim Helena', 6);
insert into transporte.TB_ENDERECO(LOGRADOURO, NUMERO, COMPLEMENTO, FK_BAIRRO, FK_ESTACAO) values
	('Rua Rua José Álvares Moreira', 1874, null, 99, 157);

insert into transporte.TB_BAIRRO(NOME, FK_CIDADE) values
	('Itaquaquecetuba ', 6);
insert into transporte.TB_ENDERECO(LOGRADOURO, NUMERO, COMPLEMENTO, FK_BAIRRO, FK_ESTACAO)values 
	('Avenida Eldorado', 155, null, 100, 158);
insert into transporte.TB_ENDERECO(LOGRADOURO, NUMERO, COMPLEMENTO, FK_BAIRRO, FK_ESTACAO)values 
	('Avenida Presidente Tancredo Neves', 746, null, 100, 159);
insert into transporte.TB_ENDERECO(LOGRADOURO, NUMERO, COMPLEMENTO, FK_BAIRRO, FK_ESTACAO)values 
	('Rua Rio de Janeiro', 0, null, 100, 160);

insert into transporte.TB_BAIRRO(NOME, FK_CIDADE) values
	('Guarulhos ', 6);
insert into transporte.TB_ENDERECO(LOGRADOURO, NUMERO, COMPLEMENTO, FK_BAIRRO, FK_ESTACAO)values 
	('Alameda dos Lírios', 0, null, 101, 161);
insert into transporte.TB_ENDERECO(LOGRADOURO, NUMERO, COMPLEMENTO, FK_BAIRRO, FK_ESTACAO)values 
	('Rua Interna do Aeroporto Internacional de Guarulhos', 150, null, 101, 162);

insert into transporte.TB_BAIRRO(NOME, FK_CIDADE) values
	('São Mateus', 6);
insert into transporte.TB_ENDERECO(LOGRADOURO, NUMERO, COMPLEMENTO, FK_BAIRRO, FK_ESTACAO) values
	('Avenida Ragueb Chohfi', 1400, null, 102, 163);
insert into transporte.TB_ENDERECO(LOGRADOURO, NUMERO, COMPLEMENTO, FK_BAIRRO, FK_ESTACAO) values
	('Avenida Sapopemba', 15000, null, 102, 164);

insert into transporte.TB_BAIRRO(NOME, FK_CIDADE) values
	('Jardim Adutora', 6);
insert into transporte.TB_ENDERECO(LOGRADOURO, NUMERO, COMPLEMENTO, FK_BAIRRO, FK_ESTACAO)values 
	('Avenida Sapopemba', 12580, null, 103, 165);

insert into transporte.TB_BAIRRO(NOME, FK_CIDADE) values
	('Sapopemba', 6);
insert into transporte.TB_ENDERECO(LOGRADOURO, NUMERO, COMPLEMENTO, FK_BAIRRO, FK_ESTACAO)values 
	('Avenida Sapopemba', 11260, null, 104, 166);
insert into transporte.TB_ENDERECO(LOGRADOURO, NUMERO, COMPLEMENTO, FK_BAIRRO, FK_ESTACAO)values 
	('Avenida Sapopemba', 10000, null, 104, 167);
insert into transporte.TB_ENDERECO(LOGRADOURO, NUMERO, COMPLEMENTO, FK_BAIRRO, FK_ESTACAO)values 
	('Vila Nova Pauliceia', 9204, null, 104, 168);

insert into transporte.TB_BAIRRO(NOME, FK_CIDADE) values
	('Vila Ema', 6);
insert into transporte.TB_ENDERECO(LOGRADOURO, NUMERO, COMPLEMENTO, FK_BAIRRO, FK_ESTACAO) values
	('Avenida Professor Luiz Ignácio Anhaia Mello', 7753, null, 105, 169);
insert into transporte.TB_ENDERECO(LOGRADOURO, NUMERO, COMPLEMENTO, FK_BAIRRO, FK_ESTACAO) values
	('Avenida Professor Luiz Ignácio Anhaia Mello', 6494, null, 105, 170);
insert into transporte.TB_ENDERECO(LOGRADOURO, NUMERO, COMPLEMENTO, FK_BAIRRO, FK_ESTACAO) values
	('Avenida Professor Luiz Ignácio Anhaia Mello', 5400, null, 105, 171);
insert into transporte.TB_ENDERECO(LOGRADOURO, NUMERO, COMPLEMENTO, FK_BAIRRO, FK_ESTACAO) values
	('Avenida Professor Luiz Ignácio Anhaia Mello', 3250 , null, 105, 172);
insert into transporte.TB_ENDERECO(LOGRADOURO, NUMERO, COMPLEMENTO, FK_BAIRRO, FK_ESTACAO) values
	('Avenida Professor Luiz Ignácio Anhaia Mello', 1359 , null, 105, 173);